{"cameraMode":{"drawMode":0,"name":"Shaded","section":"Shading Mode"},"sceneLighting":true,"audioPlay":false,"sceneViewState":{"showFog":false,"showMaterialUpdate":false,"showSkybox":true,"showFlares":false,"showImageEffects":false,"showParticleSystems":false},"in2DMode":false,"pivot":{"x":-436.637451171875,"y":-9.06235122680664,"z":-426.815673828125},"rotation":{"x":0.05029932036995888,"y":-0.05540107935667038,"z":0.0027943653985857965,"w":0.9971929788589478},"size":90.8895263671875,"orthographic":false}