{"cameraMode":{"drawMode":0,"name":"Shaded","section":"Shading Mode"},"sceneLighting":true,"audioPlay":false,"sceneViewState":{"showFog":false,"showMaterialUpdate":false,"showSkybox":false,"showFlares":false,"showImageEffects":false,"showParticleSystems":false},"in2DMode":false,"pivot":{"x":-455.08111572265627,"y":69.62727355957031,"z":-492.4044189453125},"rotation":{"x":0.2545585036277771,"y":0.007252792362123728,"z":-0.001909409649670124,"w":0.9670306444168091},"size":274.2344665527344,"orthographic":false}