{"cameraMode":{"drawMode":0,"name":"Shaded","section":"Shading Mode"},"sceneLighting":true,"audioPlay":false,"sceneViewState":{"showFog":false,"showMaterialUpdate":false,"showSkybox":false,"showFlares":false,"showImageEffects":false,"showParticleSystems":false},"in2DMode":false,"pivot":{"x":-421.6295471191406,"y":1.768402099609375,"z":-491.9798278808594},"rotation":{"x":0.12174952030181885,"y":-0.0743689313530922,"z":0.009148417972028256,"w":0.9897289276123047},"size":4.457909107208252,"orthographic":false}