{"cameraMode":{"drawMode":0,"name":"Shaded","section":"Shading Mode"},"sceneLighting":true,"audioPlay":false,"sceneViewState":{"showFog":false,"showMaterialUpdate":false,"showSkybox":false,"showFlares":false,"showImageEffects":false,"showParticleSystems":false},"in2DMode":false,"pivot":{"x":-424.3022155761719,"y":-153.07485961914063,"z":-401.0290832519531},"rotation":{"x":0.36710891127586367,"y":0.002790407743304968,"z":-0.0011010972084477544,"w":0.9301803708076477},"size":263.5810852050781,"orthographic":false}