{"cameraMode":{"drawMode":0,"name":"Shaded","section":"Shading Mode"},"sceneLighting":true,"audioPlay":false,"sceneViewState":{"showFog":false,"showMaterialUpdate":false,"showSkybox":false,"showFlares":false,"showImageEffects":false,"showParticleSystems":true},"in2DMode":false,"pivot":{"x":-426.6199951171875,"y":0.8500000238418579,"z":-518.510009765625},"rotation":{"x":0.14771249890327454,"y":0.05663503706455231,"z":-0.00847266148775816,"w":0.9873749017715454},"size":3.180363893508911,"orthographic":false}