{"cameraMode":{"drawMode":0,"name":"Shaded","section":"Shading Mode"},"sceneLighting":true,"audioPlay":false,"sceneViewState":{"showFog":false,"showMaterialUpdate":false,"showSkybox":false,"showFlares":false,"showImageEffects":false,"showParticleSystems":false},"in2DMode":false,"pivot":{"x":-270.983642578125,"y":-11.735641479492188,"z":-332.4851989746094},"rotation":{"x":-0.30534616112709048,"y":0.4831826984882355,"z":-0.18452870845794679,"w":-0.7995362281799316},"size":274.823486328125,"orthographic":false}