{"cameraMode":{"drawMode":0,"name":"Shaded","section":"Shading Mode"},"sceneLighting":true,"audioPlay":false,"sceneViewState":{"showFog":false,"showMaterialUpdate":false,"showSkybox":false,"showFlares":false,"showImageEffects":false,"showParticleSystems":true},"in2DMode":false,"pivot":{"x":-430.9903564453125,"y":3.5684056282043459,"z":-513.022216796875},"rotation":{"x":0.17406877875328065,"y":-0.14827483892440797,"z":0.026523666456341745,"w":0.9731519222259522},"size":17.916776657104493,"orthographic":false}