{"cameraMode":{"drawMode":0,"name":"Shaded","section":"Shading Mode"},"sceneLighting":true,"audioPlay":false,"sceneViewState":{"showFog":true,"showMaterialUpdate":true,"showSkybox":true,"showFlares":true,"showImageEffects":true,"showParticleSystems":true},"in2DMode":false,"pivot":{"x":37.21148681640625,"y":-49.70616149902344,"z":177.9761199951172},"rotation":{"x":0.18430837988853455,"y":-0.017690429463982583,"z":0.0033208306413143875,"w":0.9827091693878174},"size":239.11228942871095,"orthographic":false}