{"cameraMode":{"drawMode":0,"name":"Shaded","section":"Shading Mode"},"sceneLighting":true,"audioPlay":false,"sceneViewState":{"showFog":false,"showMaterialUpdate":false,"showSkybox":false,"showFlares":false,"showImageEffects":false,"showParticleSystems":false},"in2DMode":false,"pivot":{"x":-416.55694580078127,"y":6.856452465057373,"z":-481.8456115722656},"rotation":{"x":-0.11813211441040039,"y":0.6989952325820923,"z":-0.11877132207155228,"w":-0.6952333450317383},"size":11.09662914276123,"orthographic":false}