{"cameraMode":{"drawMode":0,"name":"Shaded","section":"Shading Mode"},"sceneLighting":true,"audioPlay":false,"sceneViewState":{"showFog":false,"showMaterialUpdate":false,"showSkybox":false,"showFlares":false,"showImageEffects":false,"showParticleSystems":false},"in2DMode":false,"pivot":{"x":-427.0265808105469,"y":43.37782669067383,"z":-538.60888671875},"rotation":{"x":0.4492073357105255,"y":-0.008040757849812508,"z":0.0040428596548736099,"w":0.8933826684951782},"size":43.77236557006836,"orthographic":false}