{"cameraMode":{"drawMode":0,"name":"Shaded","section":"Shading Mode"},"sceneLighting":true,"audioPlay":false,"sceneViewState":{"showFog":false,"showMaterialUpdate":false,"showSkybox":false,"showFlares":false,"showImageEffects":false,"showParticleSystems":false},"in2DMode":false,"pivot":{"x":-427.2674560546875,"y":3.0885353088378908,"z":-583.5364379882813},"rotation":{"x":-0.2889997065067291,"y":0.40244993567466738,"z":-0.13555844128131867,"w":-0.8579868078231812},"size":8.525517463684082,"orthographic":false}