{"cameraMode":{"drawMode":0,"name":"Shaded","section":"Shading Mode"},"sceneLighting":true,"audioPlay":false,"sceneViewState":{"showFog":false,"showMaterialUpdate":false,"showSkybox":false,"showFlares":false,"showImageEffects":false,"showParticleSystems":false},"in2DMode":false,"pivot":{"x":-442.892333984375,"y":7.800119400024414,"z":-503.50927734375},"rotation":{"x":-0.17508453130722047,"y":0.46631523966789248,"z":-0.09471394866704941,"w":-0.8619440197944641},"size":45.41008377075195,"orthographic":false}