{"cameraMode":{"drawMode":0,"name":"Shaded","section":"Shading Mode"},"sceneLighting":true,"audioPlay":false,"sceneViewState":{"showFog":false,"showMaterialUpdate":false,"showSkybox":false,"showFlares":false,"showImageEffects":false,"showParticleSystems":false},"in2DMode":false,"pivot":{"x":-526.6695556640625,"y":-21.66443634033203,"z":-560.1151733398438},"rotation":{"x":0.40019866824150088,"y":-0.1095542460680008,"z":0.0482572503387928,"w":0.9085781574249268},"size":179.48971557617188,"orthographic":false}