{"cameraMode":{"drawMode":0,"name":"Shaded","section":"Shading Mode"},"sceneLighting":true,"audioPlay":false,"sceneViewState":{"showFog":false,"showMaterialUpdate":false,"showSkybox":false,"showFlares":false,"showImageEffects":false,"showParticleSystems":true},"in2DMode":false,"pivot":{"x":-407.5293273925781,"y":-401.4302978515625,"z":-388.1231689453125},"rotation":{"x":0.6136922836303711,"y":0.016577135771512986,"z":-0.012889701873064042,"w":0.789268970489502},"size":496.3360900878906,"orthographic":false}