{"cameraMode":{"drawMode":0,"name":"Shaded","section":"Shading Mode"},"sceneLighting":true,"audioPlay":false,"sceneViewState":{"showFog":false,"showMaterialUpdate":false,"showSkybox":false,"showFlares":false,"showImageEffects":false,"showParticleSystems":false},"in2DMode":false,"pivot":{"x":-372.208251953125,"y":6.5723066329956059,"z":-426.99078369140627},"rotation":{"x":0.29037681221961977,"y":-0.2774789035320282,"z":0.08839432150125504,"w":0.9115229845046997},"size":24.503589630126954,"orthographic":false}