{"cameraMode":{"drawMode":0,"name":"Shaded","section":"Shading Mode"},"sceneLighting":true,"audioPlay":false,"sceneViewState":{"showFog":false,"showMaterialUpdate":false,"showSkybox":true,"showFlares":false,"showImageEffects":true,"showParticleSystems":false},"in2DMode":false,"pivot":{"x":-374.5697326660156,"y":-8.2523193359375,"z":-653.071044921875},"rotation":{"x":0.006254952866584063,"y":-0.9936972856521606,"z":0.08456636965274811,"w":0.07346470654010773},"size":1272.5865478515625,"orthographic":false}