{"cameraMode":{"drawMode":0,"name":"Shaded","section":"Shading Mode"},"sceneLighting":true,"audioPlay":false,"sceneViewState":{"showFog":false,"showMaterialUpdate":false,"showSkybox":false,"showFlares":false,"showImageEffects":false,"showParticleSystems":false},"in2DMode":false,"pivot":{"x":-430.16455078125,"y":-4.733401298522949,"z":-471.3110656738281},"rotation":{"x":0.20973756909370423,"y":-0.37162497639656069,"z":0.08658001571893692,"w":0.9002325534820557},"size":33.827186584472659,"orthographic":false}