{"cameraMode":{"drawMode":0,"name":"Shaded","section":"Shading Mode"},"sceneLighting":true,"audioPlay":false,"sceneViewState":{"showFog":false,"showMaterialUpdate":true,"showSkybox":true,"showFlares":false,"showImageEffects":false,"showParticleSystems":false},"in2DMode":false,"pivot":{"x":1.5254178047180176,"y":2.4743576049804689,"z":2.5830628871917726},"rotation":{"x":-0.0804050862789154,"y":-0.9020166397094727,"z":0.19169482588768006,"w":-0.3783981502056122},"size":5.781761646270752,"orthographic":false}