{"cameraMode":{"drawMode":0,"name":"Shaded","section":"Shading Mode"},"sceneLighting":true,"audioPlay":false,"sceneViewState":{"showFog":false,"showMaterialUpdate":false,"showSkybox":false,"showFlares":false,"showImageEffects":false,"showParticleSystems":false},"in2DMode":false,"pivot":{"x":-153.8000030517578,"y":0.8500000238418579,"z":-176.60000610351563},"rotation":{"x":-0.06428933888673783,"y":0.8996511101722717,"z":-0.1417795568704605,"w":-0.4079257547855377},"size":11.196938514709473,"orthographic":false}