{"cameraMode":{"drawMode":0,"name":"Shaded","section":"Shading Mode"},"sceneLighting":true,"audioPlay":false,"sceneViewState":{"showFog":true,"showMaterialUpdate":true,"showSkybox":true,"showFlares":true,"showImageEffects":true,"showParticleSystems":true},"in2DMode":false,"pivot":{"x":-415.4666748046875,"y":1.0265814065933228,"z":-482.29229736328127},"rotation":{"x":-0.06960409879684448,"y":-0.9160134792327881,"z":0.1817779242992401,"w":-0.35076847672462466},"size":3.180363893508911,"orthographic":false}