{"cameraMode":{"drawMode":0,"name":"Shaded","section":"Shading Mode"},"sceneLighting":true,"audioPlay":false,"sceneViewState":{"showFog":false,"showMaterialUpdate":false,"showSkybox":false,"showFlares":false,"showImageEffects":false,"showParticleSystems":false},"in2DMode":false,"pivot":{"x":-497.9050598144531,"y":0.9162271022796631,"z":-569.9467163085938},"rotation":{"x":-0.026766512542963029,"y":0.960536539554596,"z":-0.2584151029586792,"w":-0.0994798019528389},"size":5.738480091094971,"orthographic":false}