{"cameraMode":{"drawMode":0,"name":"Shaded","section":"Shading Mode"},"sceneLighting":true,"audioPlay":false,"sceneViewState":{"showFog":false,"showMaterialUpdate":false,"showSkybox":false,"showFlares":false,"showImageEffects":false,"showParticleSystems":false},"in2DMode":false,"pivot":{"x":-430.441650390625,"y":-12.179977416992188,"z":-682.197021484375},"rotation":{"x":0.3704547882080078,"y":-0.0027866652235388757,"z":0.0011113695800304413,"w":0.9288461208343506},"size":177.47171020507813,"orthographic":false}