{"cameraMode":{"drawMode":0,"name":"Shaded","section":"Shading Mode"},"sceneLighting":true,"audioPlay":false,"sceneViewState":{"showFog":false,"showMaterialUpdate":false,"showSkybox":false,"showFlares":false,"showImageEffects":false,"showParticleSystems":false},"in2DMode":false,"pivot":{"x":4.041780471801758,"y":-32.50458526611328,"z":-2.71152925491333},"rotation":{"x":-0.04501304030418396,"y":-0.9528943300247192,"z":0.1772376000881195,"w":-0.24199777841567994},"size":21.345102310180665,"orthographic":false}