{"cameraMode":{"drawMode":0,"name":"Shaded","section":"Shading Mode"},"sceneLighting":true,"audioPlay":false,"sceneViewState":{"showFog":false,"showMaterialUpdate":false,"showSkybox":false,"showFlares":false,"showImageEffects":false,"showParticleSystems":false},"in2DMode":false,"pivot":{"x":88.15161895751953,"y":-1.4047069549560547,"z":-356.8354187011719},"rotation":{"x":0.14326320588588715,"y":-0.4307512640953064,"z":0.06946955621242523,"w":0.8883180618286133},"size":14.725584983825684,"orthographic":false}