{"cameraMode":{"drawMode":0,"name":"Shaded","section":"Shading Mode"},"sceneLighting":true,"audioPlay":false,"sceneViewState":{"showFog":false,"showMaterialUpdate":false,"showSkybox":false,"showFlares":false,"showImageEffects":false,"showParticleSystems":false},"in2DMode":false,"pivot":{"x":-435.6982421875,"y":2.832029342651367,"z":-516.1493530273438},"rotation":{"x":-0.02713758312165737,"y":0.9618739485740662,"z":-0.10370021313428879,"w":-0.25164806842803957},"size":6.619288921356201,"orthographic":false}