{"cameraMode":{"drawMode":0,"name":"Shaded","section":"Shading Mode"},"sceneLighting":true,"audioPlay":false,"sceneViewState":{"showFog":false,"showMaterialUpdate":false,"showSkybox":false,"showFlares":false,"showImageEffects":false,"showParticleSystems":false},"in2DMode":false,"pivot":{"x":-436.4150085449219,"y":-6.6856255531311039,"z":-509.0162658691406},"rotation":{"x":0.4668053984642029,"y":-0.1704251766204834,"z":0.09220018982887268,"w":0.8628758788108826},"size":14.016390800476075,"orthographic":false}