{"cameraMode":{"drawMode":0,"name":"Shaded","section":"Shading Mode"},"sceneLighting":true,"audioPlay":false,"sceneViewState":{"showFog":false,"showMaterialUpdate":false,"showSkybox":false,"showFlares":false,"showImageEffects":false,"showParticleSystems":false},"in2DMode":false,"pivot":{"x":-425.0343322753906,"y":1.582629680633545,"z":-574.0050659179688},"rotation":{"x":0.1794368028640747,"y":-0.16383568942546845,"z":0.030321387574076654,"w":0.9695595502853394},"size":7.6499199867248539,"orthographic":false}