{"cameraMode":{"drawMode":0,"name":"Shaded","section":"Shading Mode"},"sceneLighting":true,"audioPlay":false,"sceneViewState":{"showFog":false,"showMaterialUpdate":false,"showSkybox":false,"showFlares":false,"showImageEffects":false,"showParticleSystems":false},"in2DMode":false,"pivot":{"x":95.83580017089844,"y":26.698453903198243,"z":-359.34197998046877},"rotation":{"x":0.23233219981193543,"y":-0.20533524453639985,"z":0.05024721845984459,"w":0.9493918418884277},"size":40.14616394042969,"orthographic":false}