{"cameraMode":{"drawMode":0,"name":"Shaded","section":"Shading Mode"},"sceneLighting":true,"audioPlay":false,"sceneViewState":{"showFog":false,"showMaterialUpdate":true,"showSkybox":true,"showFlares":false,"showImageEffects":false,"showParticleSystems":false},"in2DMode":false,"pivot":{"x":443.498779296875,"y":-0.2724609375,"z":-553.23046875},"rotation":{"x":0.14587171375751496,"y":0.007419695612043142,"z":-0.0010940325446426869,"w":0.9892755150794983},"size":9.307520866394043,"orthographic":true}