{"cameraMode":{"drawMode":0,"name":"Shaded","section":"Shading Mode"},"sceneLighting":true,"audioPlay":false,"sceneViewState":{"showFog":false,"showMaterialUpdate":false,"showSkybox":false,"showFlares":false,"showImageEffects":false,"showParticleSystems":true},"in2DMode":false,"pivot":{"x":-461.49859619140627,"y":-119.17939758300781,"z":-179.61087036132813},"rotation":{"x":0.16051337122917176,"y":-0.04735785722732544,"z":0.007710831705480814,"w":0.985868513584137},"size":440.25982666015627,"orthographic":false}