{"cameraMode":{"drawMode":0,"name":"Shaded","section":"Shading Mode"},"sceneLighting":true,"audioPlay":false,"sceneViewState":{"showFog":false,"showMaterialUpdate":false,"showSkybox":false,"showFlares":false,"showImageEffects":false,"showParticleSystems":false},"in2DMode":false,"pivot":{"x":-413.68865966796877,"y":4.21245002746582,"z":-476.03375244140627},"rotation":{"x":-0.11614420264959336,"y":-0.32665109634399416,"z":0.040484242141246799,"w":-0.9371093511581421},"size":10.567242622375489,"orthographic":false}