{"cameraMode":{"drawMode":0,"name":"Shaded","section":"Shading Mode"},"sceneLighting":true,"audioPlay":false,"sceneViewState":{"showFog":false,"showMaterialUpdate":false,"showSkybox":true,"showFlares":false,"showImageEffects":false,"showParticleSystems":false},"in2DMode":false,"pivot":{"x":-77.88921356201172,"y":-56.101715087890628,"z":-17.069454193115236},"rotation":{"x":0.2723197638988495,"y":-0.5804279446601868,"z":0.21450431644916535,"w":0.7368497848510742},"size":59.86601638793945,"orthographic":false}