{"cameraMode":{"drawMode":0,"name":"Shaded","section":"Shading Mode"},"sceneLighting":true,"audioPlay":false,"sceneViewState":{"showFog":false,"showMaterialUpdate":false,"showSkybox":true,"showFlares":false,"showImageEffects":false,"showParticleSystems":false},"in2DMode":false,"pivot":{"x":-429.3491516113281,"y":-4.336450576782227,"z":-473.1425476074219},"rotation":{"x":0.1869962215423584,"y":-0.09532696008682251,"z":0.018212415277957917,"w":0.9775745272636414},"size":28.913854598999025,"orthographic":false}