{"cameraMode":{"drawMode":0,"name":"Shaded","section":"Shading Mode"},"sceneLighting":true,"audioPlay":false,"sceneViewState":{"showFog":false,"showMaterialUpdate":true,"showSkybox":true,"showFlares":false,"showImageEffects":false,"showParticleSystems":false},"in2DMode":false,"pivot":{"x":-418.27508544921877,"y":9.85606575012207,"z":-588.2003173828125},"rotation":{"x":0.1392086148262024,"y":-0.22370991110801698,"z":0.03230123221874237,"w":0.9641223549842835},"size":25.794841766357423,"orthographic":false}