{"cameraMode":{"drawMode":0,"name":"Shaded","section":"Shading Mode"},"sceneLighting":true,"audioPlay":false,"sceneViewState":{"showFog":false,"showMaterialUpdate":false,"showSkybox":false,"showFlares":false,"showImageEffects":false,"showParticleSystems":false},"in2DMode":false,"pivot":{"x":101.84443664550781,"y":3.2039732933044435,"z":-366.95709228515627},"rotation":{"x":0.18437108397483827,"y":-0.39136433601379397,"z":0.0803513154387474,"w":0.897993803024292},"size":6.785879135131836,"orthographic":false}