{"cameraMode":{"drawMode":0,"name":"Shaded","section":"Shading Mode"},"sceneLighting":true,"audioPlay":false,"sceneViewState":{"showFog":false,"showMaterialUpdate":false,"showSkybox":true,"showFlares":false,"showImageEffects":false,"showParticleSystems":false},"in2DMode":false,"pivot":{"x":-454.51898193359377,"y":-99.91445922851563,"z":-475.3996887207031},"rotation":{"x":0.39599812030792239,"y":-0.24033790826797486,"z":0.1081712394952774,"w":0.8796371817588806},"size":320.102783203125,"orthographic":false}